{"cameraMode":{"drawMode":0,"name":"Shaded","section":"Shading Mode"},"sceneLighting":true,"audioPlay":false,"sceneViewState":{"m_AlwaysRefresh":false,"showFog":true,"showSkybox":true,"showFlares":true,"showImageEffects":true,"showParticleSystems":true,"showVisualEffectGraphs":true,"m_FxEnabled":true},"in2DMode":false,"pivot":{"x":3.8667349815368654,"y":0.05964541435241699,"z":2.9654159545898439},"rotation":{"x":-0.14417476952075959,"y":0.711527407169342,"z":-0.15300308167934419,"w":-0.6704714894294739},"size":3.196977138519287,"orthographic":false}